Date,Price,Open,High,Low,Change %
05-01-25,"5,844.17","5,622.23","5,846.06","5,577.76",4.94%
04-01-25,"5,569.06","5,597.53","5,695.31","4,835.04",-0.76%
03-01-25,"5,611.85","5,968.33","5,986.09","5,488.73",-5.75%
02-01-25,"5,954.50","5,969.65","6,147.43","5,837.66",-1.42%
01-01-25,"6,040.53","5,903.26","6,128.18","5,773.31",2.70%
12-01-24,"5,881.63","6,040.11","6,099.97","5,832.30",-2.50%
11-01-24,"6,032.38","5,723.22","6,044.17","5,696.51",5.73%
10-01-24,"5,705.45","5,757.73","5,878.46","5,674.00",-0.99%
09-01-24,"5,762.48","5,623.89","5,767.37","5,402.62",2.02%
08-01-24,"5,648.40","5,537.84","5,651.62","5,119.26",2.28%
07-01-24,"5,522.30","5,471.08","5,669.67","5,390.95",1.13%
06-01-24,"5,460.48","5,297.15","5,523.64","5,234.32",3.47%
05-01-24,"5,277.51","5,029.03","5,341.88","5,011.05",4.80%
04-01-24,"5,035.69","5,257.97","5,263.95","4,953.56",-4.16%
03-01-24,"5,254.35","5,098.51","5,264.85","5,056.82",3.10%
02-01-24,"5,096.27","4,861.11","5,111.06","4,853.52",5.17%
01-01-24,"4,845.65","4,745.20","4,931.09","4,682.11",1.59%
12-01-23,"4,769.83","4,559.43","4,793.30","4,546.50",4.42%
11-01-23,"4,567.80","4,201.27","4,587.64","4,197.74",8.92%
10-01-23,"4,193.80","4,284.52","4,393.57","4,103.78",-2.20%
09-01-23,"4,288.05","4,530.60","4,541.25","4,238.63",-4.87%
08-01-23,"4,507.66","4,578.83","4,584.62","4,335.31",-1.77%
07-01-23,"4,588.96","4,450.48","4,607.07","4,385.05",3.11%
06-01-23,"4,450.38","4,183.03","4,458.48","4,171.64",6.47%
05-01-23,"4,179.83","4,166.79","4,231.10","4,048.28",0.25%
04-01-23,"4,169.48","4,102.20","4,170.06","4,049.35",1.46%
03-01-23,"4,109.31","3,963.34","4,110.75","3,808.86",3.51%
02-01-23,"3,970.15","4,070.07","4,195.44","3,943.08",-2.61%
01-01-23,"4,076.60","3,853.29","4,094.21","3,794.33",6.18%
12-01-22,"3,839.50","4,087.14","4,100.96","3,764.49",-5.90%
11-01-22,"4,080.11","3,901.79","4,080.11","3,698.15",5.38%
10-01-22,"3,871.98","3,609.78","3,905.42","3,491.58",7.99%
09-01-22,"3,585.62","3,936.73","4,119.28","3,584.13",-9.34%
08-01-22,"3,955.00","4,112.38","4,325.28","3,954.53",-4.24%
07-01-22,"4,130.29","3,781.00","4,140.15","3,721.56",9.11%
06-01-22,"3,785.38","4,149.78","4,177.51","3,636.87",-8.39%
05-01-22,"4,132.15","4,130.61","4,307.66","3,810.32",0.01%
04-01-22,"4,131.93","4,540.32","4,593.45","4,124.28",-8.80%
03-01-22,"4,530.41","4,363.14","4,637.30","4,157.87",3.58%
02-01-22,"4,373.94","4,519.57","4,595.31","4,114.65",-3.14%
01-01-22,"4,515.55","4,778.14","4,818.62","4,222.62",-5.26%
12-01-21,"4,766.18","4,602.82","4,808.93","4,495.12",4.36%
11-01-21,"4,567.00","4,610.62","4,743.83","4,560.00",-0.83%
10-01-21,"4,605.38","4,317.16","4,608.08","4,278.94",6.91%
09-01-21,"4,307.54","4,528.80","4,545.85","4,305.91",-4.76%
08-01-21,"4,522.68","4,406.86","4,537.36","4,367.73",2.90%
07-01-21,"4,395.26","4,300.73","4,429.97","4,233.13",2.27%
06-01-21,"4,297.50","4,216.52","4,302.43","4,164.40",2.22%
05-01-21,"4,204.11","4,191.98","4,238.04","4,056.88",0.55%
04-01-21,"4,181.17","3,992.78","4,218.78","3,992.78",5.24%
03-01-21,"3,972.89","3,842.51","3,994.41","3,723.34",4.24%
02-01-21,"3,811.15","3,731.17","3,950.43","3,725.62",2.61%
01-01-21,"3,714.24","3,764.61","3,870.90","3,662.71",-1.11%
12-01-20,"3,756.07","3,645.87","3,760.20","3,633.40",3.71%
11-01-20,"3,621.63","3,296.20","3,645.99","3,279.74",10.75%
10-01-20,"3,269.96","3,385.87","3,549.85","3,233.94",-2.77%
09-01-20,"3,363.00","3,507.44","3,588.11","3,209.45",-3.92%
08-01-20,"3,500.31","3,288.26","3,514.77","3,284.53",7.01%
07-01-20,"3,271.12","3,105.92","3,279.99","3,101.17",5.51%
06-01-20,"3,100.29","3,038.78","3,233.13","2,965.66",1.84%
05-01-20,"3,044.31","2,869.09","3,068.67","2,766.64",4.53%
04-01-20,"2,912.43","2,498.08","2,954.86","2,447.49",12.68%
03-01-20,"2,584.59","2,974.28","3,136.72","2,191.86",-12.51%
02-01-20,"2,954.22","3,235.66","3,393.52","2,855.84",-8.41%
01-01-20,"3,225.52","3,244.67","3,337.77","3,214.64",-0.16%
12-01-19,"3,230.78","3,143.85","3,247.93","3,070.33",2.86%
11-01-19,"3,140.98","3,050.72","3,154.26","3,050.72",3.40%
10-01-19,"3,037.56","2,983.69","3,050.10","2,855.94",2.04%
09-01-19,"2,976.74","2,909.01","3,021.99","2,891.85",1.72%
08-01-19,"2,926.46","2,980.32","3,013.59","2,822.12",-1.81%
07-01-19,"2,980.38","2,971.41","3,027.98","2,952.22",1.31%
06-01-19,"2,941.76","2,751.53","2,964.15","2,728.81",6.89%
05-01-19,"2,752.06","2,952.33","2,954.13","2,750.52",-6.58%
04-01-19,"2,945.83","2,848.63","2,949.52","2,848.63",3.93%
03-01-19,"2,834.40","2,798.22","2,860.31","2,722.27",1.79%
02-01-19,"2,784.49","2,702.32","2,813.49","2,681.83",2.97%
01-01-19,"2,704.10","2,476.96","2,708.95","2,443.96",7.87%
12-01-18,"2,506.85","2,790.50","2,800.18","2,346.58",-9.18%
11-01-18,"2,760.17","2,717.58","2,815.15","2,631.09",1.79%
10-01-18,"2,711.74","2,926.29","2,939.86","2,603.54",-6.94%
09-01-18,"2,913.98","2,896.96","2,940.91","2,864.12",0.43%
08-01-18,"2,901.52","2,821.17","2,916.50","2,796.34",3.03%
07-01-18,"2,816.29","2,704.95","2,848.03","2,698.95",3.60%
06-01-18,"2,718.37","2,718.70","2,791.47","2,691.99",0.48%
05-01-18,"2,705.27","2,643.64","2,742.24","2,594.62",2.16%
04-01-18,"2,648.05","2,633.45","2,717.49","2,553.80",0.27%
03-01-18,"2,640.87","2,715.22","2,801.90","2,585.89",-2.69%
02-01-18,"2,713.83","2,816.45","2,835.96","2,532.69",-3.89%
01-01-18,"2,823.81","2,683.73","2,872.87","2,682.36",5.62%
12-01-17,"2,673.61","2,645.10","2,694.97","2,605.52",0.98%
11-01-17,"2,647.58","2,583.21","2,657.74","2,557.45",2.81%
10-01-17,"2,575.26","2,521.20","2,582.98","2,520.40",2.22%
09-01-17,"2,519.36","2,474.42","2,519.44","2,446.55",1.93%
08-01-17,"2,471.65","2,477.10","2,490.87","2,417.35",0.05%
07-01-17,"2,470.30","2,431.39","2,484.04","2,407.70",1.93%
06-01-17,"2,423.41","2,415.65","2,453.82","2,405.70",0.48%
05-01-17,"2,411.80","2,388.50","2,418.71","2,352.72",1.16%
04-01-17,"2,384.20","2,362.34","2,398.16","2,328.95",0.91%
03-01-17,"2,362.72","2,380.13","2,400.98","2,322.25",-0.04%
02-01-17,"2,363.64","2,285.59","2,371.54","2,271.65",3.72%
01-01-17,"2,278.87","2,251.57","2,300.99","2,245.13",1.79%
12-01-16,"2,238.83","2,200.17","2,277.53","2,187.44",1.82%
11-01-16,"2,198.81","2,128.68","2,214.10","2,083.79",3.42%
10-01-16,"2,126.15","2,164.33","2,169.60","2,114.72",-1.94%
09-01-16,"2,168.27","2,171.33","2,187.87","2,119.12",-0.12%
08-01-16,"2,170.95","2,173.15","2,193.81","2,147.58",-0.12%
07-01-16,"2,173.60","2,099.34","2,177.09","2,074.02",3.56%
06-01-16,"2,098.86","2,093.94","2,120.55","1,991.68",0.09%
05-01-16,"2,096.96","2,067.17","2,103.48","2,025.91",1.53%
04-01-16,"2,065.30","2,056.62","2,111.05","2,033.80",0.27%
03-01-16,"2,059.74","1,937.09","2,072.21","1,937.09",6.60%
02-01-16,"1,932.23","1,936.94","1,962.96","1,810.10",-0.41%
01-01-16,"1,940.24","2,038.20","2,038.20","1,812.29",-5.07%
12-01-15,"2,043.94","2,082.93","2,104.27","1,993.26",-1.75%
11-01-15,"2,080.41","2,080.76","2,116.48","2,019.39",0.05%
10-01-15,"2,079.36","1,919.65","2,094.32","1,893.70",8.30%
09-01-15,"1,920.03","1,970.09","2,020.86","1,871.91",-2.64%
08-01-15,"1,972.18","2,104.49","2,112.66","1,867.01",-6.26%
07-01-15,"2,103.84","2,067.00","2,132.82","2,044.02",1.97%
06-01-15,"2,063.11","2,108.64","2,129.87","2,056.32",-2.10%
05-01-15,"2,107.39","2,087.38","2,134.72","2,067.93",1.05%
04-01-15,"2,085.51","2,067.63","2,125.92","2,048.38",0.85%
03-01-15,"2,067.89","2,105.23","2,117.52","2,039.69",-1.74%
02-01-15,"2,104.50","1,996.67","2,119.59","1,980.90",5.49%
01-01-15,"1,994.99","2,058.90","2,072.36","1,988.12",-3.10%
12-01-14,"2,058.90","2,065.78","2,093.55","1,972.56",-0.42%
11-01-14,"2,067.56","2,018.21","2,075.76","2,001.01",2.45%
10-01-14,"2,018.05","1,971.44","2,018.19","1,820.66",2.32%
09-01-14,"1,972.29","2,004.07","2,019.26","1,964.04",-1.55%
08-01-14,"2,003.37","1,929.80","2,005.04","1,904.78",3.77%
07-01-14,"1,930.67","1,962.29","1,991.39","1,930.67",-1.51%
06-01-14,"1,960.23","1,923.87","1,968.17","1,915.98",1.91%
05-01-14,"1,923.57","1,884.39","1,924.03","1,859.79",2.10%
04-01-14,"1,883.95","1,873.96","1,897.28","1,814.36",0.62%
03-01-14,"1,872.34","1,857.68","1,883.97","1,834.44",0.69%
02-01-14,"1,859.45","1,782.68","1,867.92","1,737.92",4.31%
01-01-14,"1,782.60","1,845.90","1,850.80","1,770.50",-3.56%
12-01-13,"1,848.40","1,806.50","1,849.40","1,768.00",2.36%
11-01-13,"1,805.80","1,758.70","1,813.50","1,746.20",2.81%
10-01-13,"1,756.50","1,682.40","1,775.20","1,646.50",4.46%
09-01-13,"1,681.50","1,636.00","1,729.90","1,633.40",2.97%
08-01-13,"1,633.00","1,689.40","1,709.70","1,627.50",-3.13%
07-01-13,"1,685.70","1,609.80","1,698.80","1,604.60",4.94%
06-01-13,"1,606.30","1,631.70","1,654.20","1,560.30",-1.50%
05-01-13,"1,630.70","1,597.50","1,687.20","1,581.30",2.07%
04-01-13,"1,597.60","1,569.20","1,597.60","1,536.00",1.81%
03-01-13,"1,569.20","1,514.70","1,570.30","1,501.50",3.60%
02-01-13,"1,514.70","1,498.10","1,530.90","1,485.00",1.11%
01-01-13,"1,498.10","1,426.20","1,509.90","1,426.20",5.04%
12-01-12,"1,426.20","1,416.30","1,448.00","1,398.10",0.71%
11-01-12,"1,416.20","1,412.20","1,434.30","1,343.30",0.28%
10-01-12,"1,412.20","1,440.90","1,471.00","1,403.30",-1.98%
09-01-12,"1,440.70","1,406.50","1,474.50","1,396.60",2.42%
08-01-12,"1,406.60","1,379.30","1,426.70","1,354.70",1.98%
07-01-12,"1,379.30","1,362.30","1,391.70","1,325.40",1.26%
06-01-12,"1,362.20","1,309.90","1,363.50","1,266.70",3.96%
05-01-12,"1,310.30","1,397.90","1,415.30","1,292.00",-6.27%
04-01-12,"1,397.90","1,408.50","1,422.40","1,357.40",-0.75%
03-01-12,"1,408.50","1,365.90","1,419.20","1,340.00",3.13%
02-01-12,"1,365.70","1,312.50","1,378.00","1,312.50",4.06%
01-01-12,"1,312.40","1,258.90","1,333.50","1,258.90",4.36%
12-01-11,"1,257.60","1,246.90","1,269.40","1,202.40",0.85%
11-01-11,"1,247.00","1,251.00","1,277.50","1,158.70",-0.50%
10-01-11,"1,253.30","1,131.20","1,292.70","1,074.80",10.77%
09-01-11,"1,131.40","1,219.10","1,229.30","1,114.20",-7.18%
08-01-11,"1,218.90","1,292.60","1,307.40","1,101.50",-5.68%
07-01-11,"1,292.30","1,320.60","1,356.50","1,282.90",-2.14%
06-01-11,"1,320.60","1,345.20","1,345.20","1,258.10",-1.83%
05-01-11,"1,345.20","1,365.20","1,370.60","1,311.80",-1.35%
04-01-11,"1,363.60","1,329.50","1,364.60","1,294.70",2.85%
03-01-11,"1,325.80","1,328.60","1,332.30","1,249.00",-0.11%
02-01-11,"1,327.20","1,289.10","1,344.10","1,289.10",3.20%
01-01-11,"1,286.10","1,257.60","1,302.70","1,257.60",2.27%
12-01-10,"1,257.60","1,186.60","1,262.60","1,186.60",6.53%
11-01-10,"1,180.50","1,185.70","1,227.10","1,173.00",-0.24%
10-01-10,"1,183.30","1,143.50","1,196.10","1,131.90",3.69%
09-01-10,"1,141.20","1,049.70","1,157.20","1,049.70",8.76%
08-01-10,"1,049.30","1,107.50","1,129.20","1,039.70",-4.75%
07-01-10,"1,101.60","1,031.10","1,121.00","1,010.90",6.88%
06-01-10,"1,030.70","1,087.30","1,131.20","1,028.30",-5.39%
05-01-10,"1,089.40","1,188.60","1,205.10","1,040.80",-8.20%
04-01-10,"1,186.70","1,171.20","1,219.80","1,170.70",1.48%
03-01-10,"1,169.40","1,105.40","1,180.70","1,105.40",5.88%
02-01-10,"1,104.50","1,073.90","1,112.40","1,044.50",2.85%
01-01-10,"1,073.90","1,116.60","1,150.50","1,071.60",-3.69%
12-01-09,"1,115.10","1,098.90","1,130.40","1,085.90",1.78%
11-01-09,"1,095.60","1,036.20","1,113.70","1,029.40",5.73%
10-01-09,"1,036.20","1,054.90","1,101.40","1,020.00",-1.98%
09-01-09,"1,057.10","1,019.50","1,080.20",992,3.58%
08-01-09,"1,020.60",990.2,"1,039.50",978.5,3.35%
07-01-09,987.5,920.8,996.7,869.3,7.42%
06-01-09,919.3,923.3,956.2,888.9,0.02%
05-01-09,919.1,872.7,930.2,866.1,5.30%
04-01-09,872.8,793.6,888.7,783.3,9.39%
03-01-09,797.9,729.6,833,666.8,8.54%
02-01-09,735.1,823.1,875,734.5,-10.99%
01-01-09,825.9,903,943.9,804.3,-8.56%
12-01-08,903.2,888.6,918.9,815.7,0.78%
11-01-08,896.2,968.7,"1,007.50",741,-7.49%
10-01-08,968.8,"1,164.20","1,167.00",839.8,-16.94%
09-01-08,"1,166.40","1,287.80","1,303.00","1,106.40",-9.07%
08-01-08,"1,282.80","1,269.40","1,313.20","1,247.50",1.22%
07-01-08,"1,267.40","1,276.70","1,292.20","1,200.40",-0.98%
06-01-08,"1,280.00","1,399.60","1,404.00","1,272.00",-8.60%
05-01-08,"1,400.40","1,386.00","1,440.20","1,373.10",1.07%
04-01-08,"1,385.60","1,326.40","1,404.60","1,324.30",4.76%
03-01-08,"1,322.70","1,330.50","1,359.70","1,257.00",-0.59%
02-01-08,"1,330.60","1,378.60","1,396.00","1,316.80",-3.47%
01-01-08,"1,378.50","1,468.00","1,471.80","1,270.00",-6.12%
12-01-07,"1,468.40","1,479.60","1,523.60","1,435.70",-0.86%
11-01-07,"1,481.10","1,545.80","1,545.80","1,406.10",-4.41%
10-01-07,"1,549.40","1,527.30","1,576.10","1,489.60",1.48%
09-01-07,"1,526.80","1,474.00","1,538.70","1,439.30",3.58%
08-01-07,"1,474.00","1,455.20","1,503.90","1,370.60",1.28%
07-01-07,"1,455.30","1,504.70","1,555.90","1,454.20",-3.19%
06-01-07,"1,503.30","1,530.60","1,540.60","1,484.20",-1.78%
05-01-07,"1,530.60","1,482.40","1,535.60","1,476.70",3.25%
04-01-07,"1,482.40","1,420.80","1,498.00","1,416.40",4.33%
03-01-07,"1,420.90","1,406.80","1,438.90","1,364.00",1.00%
02-01-07,"1,406.80","1,437.90","1,461.60","1,389.40",-2.18%
01-01-07,"1,438.20","1,418.00","1,441.60","1,404.00",1.40%
12-01-06,"1,418.30","1,400.60","1,431.80","1,385.90",1.26%
11-01-06,"1,400.60","1,377.80","1,407.90","1,361.00",1.65%
10-01-06,"1,377.90","1,335.80","1,389.50","1,327.10",3.15%
09-01-06,"1,335.80","1,303.80","1,340.30","1,290.90",2.45%
08-01-06,"1,303.80","1,278.50","1,306.70","1,261.30",2.12%
07-01-06,"1,276.70","1,270.10","1,280.40","1,224.50",0.51%
06-01-06,"1,270.20","1,270.00","1,290.70","1,219.30",0.01%
05-01-06,"1,270.10","1,310.60","1,326.70","1,245.30",-3.09%
04-01-06,"1,310.60","1,302.90","1,318.20","1,280.70",1.22%
03-01-06,"1,294.80","1,280.70","1,310.90","1,268.40",1.10%
02-01-06,"1,280.70","1,280.10","1,297.60","1,253.60",0.05%
01-01-06,"1,280.10","1,248.30","1,294.90","1,245.70",2.55%
12-01-05,"1,248.30","1,249.50","1,275.80","1,246.60",-0.10%
11-01-05,"1,249.50","1,207.00","1,270.60","1,201.10",3.52%
10-01-05,"1,207.00","1,228.80","1,233.30","1,168.20",-1.77%
09-01-05,"1,228.80","1,220.30","1,243.10","1,205.30",0.70%
08-01-05,"1,220.30","1,234.20","1,245.90","1,201.10",-1.13%
07-01-05,"1,234.20","1,191.30","1,245.20","1,183.50",3.60%
06-01-05,"1,191.30","1,191.50","1,219.60","1,188.30",-0.02%
05-01-05,"1,191.50","1,156.80","1,199.60","1,146.20",3.00%
04-01-05,"1,156.80","1,180.60","1,191.90","1,136.20",-2.02%
03-01-05,"1,180.60","1,203.60","1,229.10","1,163.70",-1.91%
02-01-05,"1,203.60","1,181.30","1,212.40","1,181.00",1.89%
01-01-05,"1,181.30","1,211.90","1,217.90","1,163.80",-2.52%
12-01-04,"1,211.90","1,173.80","1,217.30","1,173.80",3.25%
11-01-04,"1,173.80","1,130.20","1,188.50","1,127.50",3.86%
10-01-04,"1,130.20","1,114.60","1,142.00","1,090.20",1.40%
09-01-04,"1,114.60","1,104.20","1,131.50","1,099.10",0.94%
08-01-04,"1,104.20","1,101.70","1,109.70","1,060.70",0.23%
07-01-04,"1,101.70","1,140.80","1,140.80","1,078.80",-3.43%
06-01-04,"1,140.80","1,120.70","1,146.30","1,113.30",1.79%
05-01-04,"1,120.70","1,107.30","1,127.70","1,076.30",1.21%
04-01-04,"1,107.30","1,126.20","1,150.60","1,107.20",-1.68%
03-01-04,"1,126.20","1,144.90","1,163.20","1,087.10",-1.63%
02-01-04,"1,144.90","1,131.10","1,159.00","1,124.40",1.22%
01-01-04,"1,131.10","1,111.90","1,155.40","1,105.10",1.73%
12-01-03,"1,111.90","1,058.20","1,112.60","1,053.40",5.07%
11-01-03,"1,058.20","1,050.70","1,063.70","1,031.20",0.71%
10-01-03,"1,050.70",996,"1,053.80",996,5.49%
09-01-03,996,"1,008.00","1,040.30",990.4,-1.19%
08-01-03,"1,008.00",990.3,"1,011.00",960.8,1.79%
07-01-03,990.3,974.5,"1,015.40",962.1,1.62%
06-01-03,974.5,963.6,"1,015.30",963.6,1.13%
05-01-03,963.6,916.9,965.4,902.8,5.09%
04-01-03,916.9,848.2,924.2,847.9,8.10%
03-01-03,848.2,841.1,895.9,788.9,0.84%
02-01-03,841.1,855.7,864.6,806.3,-1.71%
01-01-03,855.7,879.8,935,840.3,-2.74%
12-01-02,879.8,936.3,954.3,869.5,-6.03%
11-01-02,936.3,885.8,941.8,872,5.70%
10-01-02,885.8,815.3,907.4,768.6,8.65%
09-01-02,815.3,916.1,924,800.2,-11.00%
08-01-02,916.1,911.6,965,833.4,0.49%
07-01-02,911.6,989.8,994.5,775.7,-7.90%
06-01-02,989.8,"1,067.10","1,070.70",952.9,-7.24%
05-01-02,"1,067.10","1,076.90","1,106.60","1,049.00",-0.91%
04-01-02,"1,076.90","1,146.00","1,147.80","1,063.50",-6.14%
03-01-02,"1,147.40","1,108.70","1,173.90","1,108.70",3.68%
02-01-02,"1,106.70","1,127.40","1,130.20","1,074.40",-2.08%
01-01-02,"1,130.20","1,149.00","1,177.00","1,081.70",-1.56%
12-01-01,"1,148.10","1,139.50","1,173.60","1,114.50",0.75%
11-01-01,"1,139.50","1,063.10","1,163.40","1,054.30",7.52%
10-01-01,"1,059.80","1,037.90","1,110.60","1,026.80",1.82%
09-01-01,"1,040.90","1,133.60","1,155.40",944.8,-8.18%
08-01-01,"1,133.60","1,211.20","1,226.30","1,124.90",-6.41%
07-01-01,"1,211.20","1,224.40","1,239.80","1,165.50",-1.08%
06-01-01,"1,224.40","1,255.80","1,286.60","1,203.00",-2.50%
05-01-01,"1,255.80","1,249.50","1,315.90","1,232.00",0.50%
04-01-01,"1,249.50","1,160.30","1,269.30","1,092.00",7.69%
03-01-01,"1,160.30","1,239.90","1,267.40","1,081.20",-6.42%
02-01-01,"1,239.90","1,366.00","1,376.40","1,215.40",-9.23%
01-01-01,"1,366.00","1,320.30","1,383.40","1,274.60",3.46%
12-01-00,"1,320.30","1,315.00","1,389.00","1,254.10",0.40%
11-01-00,"1,315.00","1,429.40","1,438.50","1,294.90",-8.00%
10-01-00,"1,429.40","1,436.50","1,454.80","1,305.80",-0.49%
09-01-00,"1,436.50","1,517.70","1,530.00","1,419.50",-5.35%
08-01-00,"1,517.70","1,430.80","1,525.30","1,426.00",6.07%
07-01-00,"1,430.80","1,454.60","1,517.20","1,414.20",-1.64%
06-01-00,"1,454.60","1,420.60","1,489.00","1,420.60",2.39%
05-01-00,"1,420.60","1,452.40","1,481.40","1,361.20",-2.19%
04-01-00,"1,452.40","1,498.60","1,527.10","1,339.40",-3.08%
03-01-00,"1,498.60","1,366.40","1,553.10","1,346.50",9.68%
02-01-00,"1,366.40","1,394.50","1,444.40","1,325.00",-2.02%
01-01-00,"1,394.50","1,469.20","1,478.00","1,350.00",-5.08%
12-01-99,"1,469.20","1,388.90","1,473.10","1,387.50",5.78%
11-01-99,"1,388.90","1,362.90","1,425.30","1,346.40",1.91%
10-01-99,"1,362.90","1,282.70","1,373.20","1,233.70",6.25%
09-01-99,"1,282.70","1,320.40","1,361.30","1,256.30",-2.86%
08-01-99,"1,320.40","1,328.70","1,382.80","1,267.70",-0.62%
07-01-99,"1,328.70","1,372.70","1,420.30","1,328.50",-3.21%
06-01-99,"1,372.70","1,301.80","1,372.90","1,277.50",5.45%
05-01-99,"1,301.80","1,335.20","1,376.00","1,277.30",-2.50%
04-01-99,"1,335.20","1,286.40","1,371.60","1,282.60",3.79%
03-01-99,"1,286.40","1,238.30","1,323.80","1,216.00",3.88%
02-01-99,"1,238.30","1,279.60","1,283.80","1,211.90",-3.23%
01-01-99,"1,279.60","1,229.20","1,280.40","1,205.50",4.10%
12-01-98,"1,229.20","1,163.60","1,244.90","1,136.90",5.64%
11-01-98,"1,163.60","1,098.70","1,193.00","1,098.70",5.91%
10-01-98,"1,098.70","1,017.00","1,103.80",923.3,8.03%
09-01-98,"1,017.00",957.3,"1,066.10",940,6.24%
08-01-98,957.3,"1,120.70","1,121.80",957.3,-14.58%
07-01-98,"1,120.70","1,133.80","1,190.60","1,114.30",-1.16%
06-01-98,"1,133.80","1,090.80","1,145.20","1,074.70",3.94%
05-01-98,"1,090.80","1,111.80","1,130.50","1,074.40",-1.89%
04-01-98,"1,111.80","1,101.80","1,133.00","1,076.70",0.91%
03-01-98,"1,101.80","1,049.30","1,113.10","1,030.90",5.00%
02-01-98,"1,049.30",980.3,"1,051.70",980.3,7.04%
01-01-98,980.3,970.4,992.6,912.8,1.02%
12-01-97,970.4,955.4,986.2,924.9,1.57%
11-01-97,955.4,914.6,964.5,900.6,4.46%
10-01-97,914.6,950.9,983.1,855.3,-3.45%
09-01-97,947.3,899.5,960.6,899.5,5.31%
08-01-97,899.5,954.3,964.2,893.3,-5.74%
07-01-97,954.3,885.1,957.7,884.5,7.82%
06-01-97,885.1,848.3,902.1,838.8,4.34%
05-01-97,848.3,801.3,851.9,793.2,5.87%
04-01-97,801.3,757.1,804.1,733.5,5.84%
03-01-97,757.1,790.8,814.9,756.1,-4.26%
02-01-97,790.8,786.2,817.7,773.4,0.59%
01-01-97,786.2,740.7,794.7,729.5,6.14%
12-01-96,740.7,757,761.8,716.7,-2.15%
11-01-96,757,705.3,762.1,701.3,7.33%
10-01-96,705.3,687.3,714.1,684.4,2.62%
09-01-96,687.3,652,690.9,644,5.41%
08-01-96,652,640,670.7,639.5,1.88%
07-01-96,640,670.6,675.9,605.9,-4.56%
06-01-96,670.6,669.1,680.3,658.8,0.22%
05-01-96,669.1,654.2,681.1,630.1,2.28%
04-01-96,654.2,645.5,656.7,624.1,1.35%
03-01-96,645.5,640.4,657,627.6,0.80%
02-01-96,640.4,636,664.2,633.7,0.69%
01-01-96,636,615.9,636.2,597.3,3.26%
12-01-95,615.9,605.4,622.9,605,1.73%
11-01-95,605.4,581.5,608.7,581,4.11%
10-01-95,581.5,584.4,590.7,571.5,-0.50%
09-01-95,584.4,561.9,587.6,561,4.00%
08-01-95,561.9,562.1,565.6,553,-0.04%
07-01-95,562.1,544.8,565.4,542.5,3.18%
06-01-95,544.8,533.4,551.1,526,2.14%
05-01-95,533.4,514.8,533.4,513,3.63%
04-01-95,514.7,500.7,515.3,500.2,2.80%
03-01-95,500.7,487.4,508.1,479.7,2.73%
02-01-95,487.4,470.4,489.2,469.3,3.61%
01-01-95,470.4,459.2,471.4,457.2,2.42%
12-01-94,459.3,453.6,462.7,442.9,1.23%
11-01-94,453.7,472.3,472.3,444.2,-3.96%
10-01-94,472.4,462.7,474.7,449.3,2.10%
09-01-94,462.7,475.5,475.5,458.5,-2.69%
08-01-94,475.5,458.3,477.6,456.1,3.75%
07-01-94,458.3,444.3,459.3,443.6,3.15%
06-01-94,444.3,456.5,463.2,439.8,-2.67%
05-01-94,456.5,450.9,457.8,440.8,1.24%
04-01-94,450.9,445.7,452.8,435.9,1.14%
03-01-94,445.8,467.2,471.1,436.2,-4.56%
02-01-94,467.1,481.6,482.2,464.3,-3.01%
01-01-94,481.6,466.5,482.9,464.4,3.26%
12-01-93,466.4,461.9,471.3,461.4,1.00%
11-01-93,461.8,467.8,469.1,454.4,-1.28%
10-01-93,467.8,458.9,471.1,456.4,1.94%
09-01-93,458.9,463.6,463.8,449.6,-1.01%
08-01-93,463.6,448.1,463.6,446.9,3.46%
07-01-93,448.1,450.5,451.1,441.4,-0.53%
06-01-93,450.5,450.2,455.6,442.5,0.07%
05-01-93,450.2,440.2,454.6,436.9,2.27%
04-01-93,440.2,451.7,452.6,432.3,-2.55%
03-01-93,451.7,443.4,456.8,441.1,1.87%
02-01-93,443.4,438.8,450,428.2,1.05%
01-01-93,438.8,435.7,442.7,426.9,0.71%
12-01-92,435.7,431.4,442.6,428.6,1.00%
11-01-92,431.4,418.7,431.9,415.6,3.03%
10-01-92,418.7,417.8,421.2,396.8,0.22%
09-01-92,417.8,414,425.3,412.7,0.92%
08-01-92,414,424.2,425.1,408.3,-2.40%
07-01-92,424.2,408.2,424.8,407.2,3.95%
06-01-92,408.1,415.4,417.3,399.9,-1.76%
05-01-92,415.4,414.9,418.8,409.9,0.12%
04-01-92,414.9,403.7,416.3,392.4,2.77%
03-01-92,403.7,412.7,413.8,401.9,-2.18%
02-01-92,412.7,408.8,418.1,406.3,0.95%
01-01-92,408.8,417,421.2,408.6,-1.99%
12-01-91,417.1,375.1,418.3,371.4,11.17%
11-01-91,375.2,392.5,398.2,371.6,-4.41%
10-01-91,392.5,387.9,393.8,376.1,1.19%
09-01-91,387.9,395.4,397.6,382.8,-1.90%
08-01-91,395.4,387.8,396.8,374.1,1.96%
07-01-91,387.8,371.2,387.8,370.9,4.47%
06-01-91,371.2,389.8,389.8,368,-4.77%
05-01-91,389.8,375.4,389.9,365.8,3.84%
04-01-91,375.4,375.2,391.3,370.3,0.05%
03-01-91,375.2,367.1,379.7,363.7,2.21%
02-01-91,367.1,343.9,371,340.4,6.75%
01-01-91,343.9,330.2,343.9,309.4,4.15%
12-01-90,330.2,322.2,334,322,2.48%
11-01-90,322.2,304,323,301.6,5.99%
10-01-90,304,306.1,319.7,294.5,-0.69%
09-01-90,306.1,322.6,326.5,296,-5.11%
08-01-90,322.6,356.1,357.4,306.2,-9.41%
07-01-90,356.1,358,369.8,350.1,-0.53%
06-01-90,358,361.2,368.8,351.2,-0.89%
05-01-90,361.2,330.8,362.3,330.8,9.19%
04-01-90,330.8,339.9,347.3,327.8,-2.68%
03-01-90,339.9,331.9,344.5,331.1,2.41%
02-01-90,331.9,329.1,336.1,322.1,0.85%
01-01-90,329.1,353.4,360.6,319.8,-6.88%
12-01-89,353.4,346,354.1,339.6,2.14%
11-01-89,346,340.4,346.5,330.9,1.65%
10-01-89,340.4,349.1,360.4,327.1,-2.49%
09-01-89,349.1,351.4,354.1,341.4,-0.65%
08-01-89,351.4,346.1,352.7,339,1.53%
07-01-89,346.1,318,346.1,317.3,8.84%
06-01-89,318,320.5,329.2,314.4,-0.78%
05-01-89,320.5,309.6,323.1,304.1,3.52%
04-01-89,309.6,294.9,310.4,294.4,4.98%
03-01-89,294.9,288.9,300,286.5,2.08%
02-01-89,288.9,297.5,300.6,286.3,-2.89%
01-01-89,297.5,277.7,297.5,273.8,7.13%
12-01-88,277.7,273.7,280.4,270.5,1.46%
11-01-88,273.7,279,280.4,262.9,-1.90%
10-01-88,279,271.9,283.9,268.8,2.61%
09-01-88,271.9,261.5,274.9,257,3.98%
08-01-88,261.5,272,274.2,256.5,-3.86%
07-01-88,272,273.5,276.4,262.5,-0.55%
06-01-88,273.5,262.2,276.9,262.1,4.31%
05-01-88,262.2,261.3,263.7,248.8,0.34%
04-01-88,261.3,258.9,272.1,254.7,0.93%
03-01-88,258.9,267.8,272.6,256.1,-3.32%
02-01-88,267.8,257.1,267.8,247.8,4.16%
01-01-88,257.1,247.1,261.8,240.2,4.05%
12-01-87,247.1,230.3,253.3,221.2,7.29%
11-01-87,230.3,251.8,257.2,225.8,-8.54%
10-01-87,251.8,321.8,328.9,216.5,-21.75%
09-01-87,321.8,329.8,332.2,308.6,-2.43%
08-01-87,329.8,318.7,337.9,314.5,3.48%
07-01-87,318.7,304,318.9,302.5,4.84%
06-01-87,304,290.1,310.3,286.9,4.79%
05-01-87,290.1,288.4,298.7,277,0.59%
04-01-87,288.4,291.7,303.6,275.7,-1.13%
03-01-87,291.7,284.2,302.7,282.3,2.64%
02-01-87,284.2,274.1,287.6,273.2,3.68%
01-01-87,274.1,242.2,281,242.2,13.17%
12-01-86,242.2,249.2,254.9,241.3,-2.81%
11-01-86,249.2,244,249.2,235.5,2.13%
10-01-86,244,231.3,244.5,231.3,5.49%
09-01-86,231.3,252.9,254.1,228.1,-8.54%
08-01-86,252.9,236.1,254.2,231.9,7.12%
07-01-86,236.1,250.8,253.2,233.1,-5.86%
06-01-86,250.8,247.3,251.8,238.2,1.42%
05-01-86,247.3,235.5,249.2,232.3,5.01%
04-01-86,235.5,238.9,245.5,226.3,-1.42%
03-01-86,238.9,226.9,240.1,222.2,5.29%
02-01-86,226.9,211.8,227.9,210.8,7.13%
01-01-86,211.8,211.3,214.6,202.6,0.24%
12-01-85,211.3,202.2,213.1,200.1,4.50%
11-01-85,202.2,189.8,203.4,189.4,6.53%
10-01-85,189.8,182.1,190.2,181.2,4.23%
09-01-85,182.1,188.6,188.8,179.4,-3.45%
08-01-85,188.6,190.9,192.2,186.1,-1.20%
07-01-85,190.9,191.8,196.1,189.3,-0.47%
06-01-85,191.8,189.6,191.8,185,1.16%
05-01-85,189.6,179.8,190,178.3,5.45%
04-01-85,179.8,180.7,183.6,177.9,-0.50%
03-01-85,180.7,181.2,183.9,176.5,-0.28%
02-01-85,181.2,179.6,183.9,177.8,0.89%
01-01-85,179.6,167.2,180.3,163.4,7.42%
12-01-84,167.2,163.6,169,161.5,2.20%
11-01-84,163.6,166.1,170.4,163,-1.51%
10-01-84,166.1,166.1,169.6,160,0.00%
09-01-84,166.1,166.7,169.7,163.1,-0.36%
08-01-84,166.7,150.7,168.8,150.7,10.62%
07-01-84,150.7,153.2,153.9,147.3,-1.63%
06-01-84,153.2,150.6,155.6,148.5,1.73%
05-01-84,150.6,160.1,162.1,148.7,-5.93%
04-01-84,160.1,159.2,160.7,154.1,0.57%
03-01-84,159.2,157.1,160.5,153.8,1.34%
02-01-84,157.1,163.4,164,152.1,-3.86%
01-01-84,163.4,164.9,169.5,162,-0.91%
12-01-83,164.9,166.4,167.8,160.6,-0.90%
11-01-83,166.4,163.6,169.1,160.6,1.71%
10-01-83,163.6,166.1,173.1,162,-1.51%
09-01-83,166.1,164.4,171.6,162.8,1.03%
08-01-83,164.4,162.6,166.7,157.6,1.11%
07-01-83,162.6,168.1,171.7,160.6,-3.27%
06-01-83,168.1,162.4,172.8,160,3.51%
05-01-83,162.4,164.4,167.7,159.7,-1.22%
04-01-83,164.4,153,165.4,149.5,7.45%
03-01-83,153,148.1,156.4,144.8,3.31%
02-01-83,148.1,145.3,151.8,141,1.93%
01-01-83,145.3,140.6,149.1,137.3,3.34%
12-01-82,140.6,138.5,144.7,133.8,1.52%
11-01-82,138.5,133.7,145.3,132.1,3.59%
10-01-82,133.7,120.4,141.4,119.1,11.05%
09-01-82,120.4,120,127.3,117.2,0.75%
08-01-82,119.5,108.2,121.2,101.4,11.58%
07-01-82,107.1,109.5,113.1,105.1,-2.28%
06-01-82,109.6,112,113.1,106.3,-2.06%
05-01-82,111.9,116,120.6,111.2,-3.87%
04-01-82,116.4,112.2,120.1,111.5,3.93%
03-01-82,112,113.4,114.8,106.2,-0.97%
02-01-82,113.1,118.7,119.8,110,-6.06%
01-01-82,120.4,122.6,123.7,113.6,-1.79%
12-01-81,122.6,125.7,127.3,121,-2.93%
11-01-81,126.3,123.5,127,119.1,3.61%
10-01-81,121.9,115.8,123.3,115,4.91%
09-01-81,116.2,122.8,124.6,110.2,-5.37%
08-01-81,122.8,130.7,135.2,122.3,-6.19%
07-01-81,130.9,130.7,131.8,126,-0.23%
06-01-81,131.2,133.3,135.7,128.8,-1.06%
05-01-81,132.6,133.1,134.9,128.8,-0.15%
04-01-81,132.8,136.4,137.7,131.6,-2.35%
03-01-81,136,131.1,138.4,128.6,3.58%
02-01-81,131.3,128.9,132,124.7,1.31%
01-01-81,129.6,135.7,140.3,128.6,-4.57%
12-01-80,135.8,139.6,140.7,125.3,-3.35%
11-01-80,140.5,128,142,127.2,10.20%
10-01-80,127.5,125.7,135.9,124.3,1.59%
09-01-80,125.5,122.4,132.2,121.8,2.53%
08-01-80,122.4,121.4,127.8,119.4,0.58%
07-01-80,121.7,114.1,123.9,113.5,6.57%
06-01-80,114.2,110.9,118,109.8,2.70%
05-01-80,111.2,107.9,112.7,103.5,4.61%
04-01-80,106.3,106.3,106.8,98.9,4.11%
03-01-80,102.1,102.1,114.3,94.2,-10.20%
02-01-80,113.7,115.4,120.2,111.3,-0.44%
01-01-80,114.2,107.9,117.2,103.3,5.84%
12-01-79,107.9,107.9,110.3,105.1,1.60%
11-01-79,106.2,106.2,107.9,99.4,4.32%
10-01-79,101.8,101.8,112.2,99.1,-6.86%
09-01-79,109.3,109.1,111.6,105.4,0.00%
08-01-79,109.3,103.8,109.8,103.1,5.30%
07-01-79,103.8,102.6,105.2,100.3,0.87%
06-01-79,102.9,99.1,103.7,98.6,3.83%
05-01-79,99.1,101.8,102.6,97.5,-2.65%
04-01-79,101.8,101.1,103.9,100.1,0.20%
03-01-79,101.6,96.4,103.3,96,5.50%
02-01-79,96.3,99.5,100.5,95.4,-3.60%
01-01-79,99.9,95.8,102.6,95.2,3.95%
12-01-78,96.1,95.6,98.6,92.6,1.48%
11-01-78,94.7,94.6,97.4,91.8,1.61%
10-01-78,93.2,102.3,106.2,91.7,-9.07%
09-01-78,102.5,103.2,108.1,100.7,-0.77%
08-01-78,103.3,100.9,106.3,99.9,2.58%
07-01-78,100.7,95.2,101.2,93.6,5.45%
06-01-78,95.5,97.3,101.8,94,-1.75%
05-01-78,97.2,96.9,100.3,94.6,0.41%
04-01-78,96.8,88.8,97.9,88.1,8.52%
03-01-78,89.2,86.7,91.3,86.4,2.53%
02-01-78,87,89.3,91.3,86.6,-2.47%
01-01-78,89.2,94.7,95.2,88,-6.20%
12-01-77,95.1,95.1,95.7,91.8,0.32%
11-01-77,94.8,94.8,97.1,90,2.71%
10-01-77,92.3,92.3,97.3,90.2,-4.35%
09-01-77,96.5,96.5,98.4,94.4,-0.31%
08-01-77,96.8,96.8,99.8,95,-2.02%
07-01-77,98.8,98.8,102.6,97.7,-1.69%
06-01-77,100.5,100.5,101.7,95.9,4.58%
05-01-77,96.1,96.1,100.9,95.5,-2.34%
04-01-77,98.4,98.4,102.1,96.5,0.00%
03-01-77,98.4,98.4,102.7,97.8,-1.40%
02-01-77,99.8,99.8,103.3,98.8,-2.16%
01-01-77,102,102,108,100.9,-5.12%
12-01-76,107.5,107.5,107.8,101.6,5.29%
11-01-76,102.1,102.1,103.8,98.2,-0.78%
10-01-76,102.9,102.9,105.8,99.2,-2.19%
09-01-76,105.2,105.2,108.7,102.6,2.24%
08-01-76,102.9,102.9,105.4,100.4,-0.48%
07-01-76,103.4,103.4,106.8,102.3,-0.86%
06-01-76,104.3,104.3,105.1,98,4.09%
05-01-76,100.2,100.2,104,98.3,-1.38%
04-01-76,101.6,101.6,104.6,99.6,-1.17%
03-01-76,102.8,102.8,104.4,98.2,3.11%
02-01-76,99.7,99.7,103.1,98.5,-1.19%
01-01-76,100.9,100.9,102,89.8,11.86%
12-01-75,90.2,90.2,91.9,86.2,-1.10%
11-01-75,91.2,91.2,92.3,87.6,2.47%
10-01-75,89,89,91.8,82.6,6.08%
09-01-75,83.9,83.9,87.4,81.6,-3.45%
08-01-75,86.9,86.9,89,82.2,-2.14%
07-01-75,88.8,88.8,96.6,87.7,-6.72%
06-01-75,95.2,95.2,95.8,89.3,4.39%
05-01-75,91.2,91.2,93.5,86.9,4.47%
04-01-75,87.3,87.3,88.8,79.7,4.68%
03-01-75,83.4,83.4,87.1,80.1,2.21%
02-01-75,81.6,81.6,83.6,76,5.97%
01-01-75,77,77,78.7,68.7,12.24%
12-01-74,68.6,68.6,68.6,68.6,-2.00%
11-01-74,70,70,70,70,-5.28%
10-01-74,73.9,73.9,73.9,73.9,16.38%
09-01-74,63.5,63.5,63.5,63.5,-12.05%
08-01-74,72.2,72.2,72.2,72.2,-8.95%
07-01-74,79.3,79.3,79.3,79.3,-7.79%
06-01-74,86,86,86,86,-1.49%
05-01-74,87.3,87.3,87.3,87.3,-3.32%
04-01-74,90.3,90.3,90.3,90.3,-3.94%
03-01-74,94,94,94,94,-2.29%
02-01-74,96.2,96.2,96.2,96.2,-0.41%
01-01-74,96.6,96.6,96.6,96.6,-0.92%
12-01-73,97.5,97.5,97.5,97.5,1.56%
11-01-73,96,96,96,96,-11.36%
10-01-73,108.3,108.3,108.3,108.3,-0.09%
09-01-73,108.4,108.4,108.4,108.4,4.03%
08-01-73,104.2,104.2,104.2,104.2,-3.70%
07-01-73,108.2,108.2,108.2,108.2,3.74%
06-01-73,104.3,104.3,104.3,104.3,-0.67%
05-01-73,105,105,105,105,-1.87%
04-01-73,107,107,107,107,-4.04%
03-01-73,111.5,111.5,111.5,111.5,-0.18%
02-01-73,111.7,111.7,111.7,111.7,-3.71%
01-01-73,116,116,116,116,-1.69%
12-01-72,118,118,118,118,1.11%
11-01-72,116.7,116.7,116.7,116.7,4.57%
10-01-72,111.6,111.6,111.6,111.6,1.00%
09-01-72,110.5,110.5,110.5,110.5,-0.54%
08-01-72,111.1,111.1,111.1,111.1,3.45%
07-01-72,107.4,107.4,107.4,107.4,0.28%
06-01-72,107.1,107.1,107.1,107.1,-2.19%
05-01-72,109.5,109.5,109.5,109.5,1.67%
04-01-72,107.7,107.7,107.7,107.7,0.47%
03-01-72,107.2,107.2,107.2,107.2,0.56%
02-01-72,106.6,106.6,106.6,106.6,2.60%
01-01-72,103.9,103.9,103.9,103.9,1.76%
12-01-71,102.1,102.1,102.1,102.1,8.62%
11-01-71,94,94,94,94,-0.21%
10-01-71,94.2,94.2,94.2,94.2,-4.17%
09-01-71,98.3,98.3,98.3,98.3,-0.71%
08-01-71,99,99,99,99,3.56%
07-01-71,95.6,95.6,95.6,95.6,-4.11%
06-01-71,99.7,99.7,99.7,99.7,0.10%
05-01-71,99.6,99.6,99.6,99.6,-4.23%
04-01-71,104,104,104,104,3.69%
03-01-71,100.3,100.3,100.3,100.3,3.62%
02-01-71,96.8,96.8,96.8,96.8,0.94%
01-01-71,95.9,95.9,95.9,95.9,4.01%
12-01-70,92.2,92.2,92.2,92.2,5.73%
11-01-70,87.2,87.2,87.2,87.2,4.81%
10-01-70,83.2,83.2,83.2,83.2,-1.19%
09-01-70,84.2,84.2,84.2,84.2,3.31%
08-01-70,81.5,81.5,81.5,81.5,4.49%
07-01-70,78,78,78,78,7.29%
06-01-70,72.7,72.7,72.7,72.7,-4.97%
05-01-70,76.5,76.5,76.5,76.5,-6.13%
04-01-70,81.5,81.5,81.5,81.5,-9.04%
03-01-70,89.6,89.6,89.6,89.6,0.11%
02-01-70,89.5,89.5,89.5,89.5,5.29%
